<?xml version="1.0" encoding="UTF-8"?>
<Entities>
	<ExtensionPackages>
		<ExtensionPackage name="WindowObject_ExtensionPackage" description="WindowObject Widget" vendor="Vilia" packageVersion="1.0.0" minimumThingWorxVersion="7.4.0" />
	</ExtensionPackages>
	<Widgets>
		<Widget name="WindowObject">
			<UIResources>
				<FileResource type="JS" file="WindowObject.ide.js" description="" isDevelopment="true" isRuntime="false" />
				<FileResource type="JS" file="WindowObject.runtime.js" description="" isDevelopment="false" isRuntime="true" />
			</UIResources>
		</Widget>
	</Widgets>
</Entities>




